id;title;release_date;due_date;course_id;publish_build_plan_url;discriminator;duration;is_planned_to_start;is_visible_before_start;allowed_number_of_attempts;randomize_question_order;quiz_point_statistic_id;max_points;diagram_type;difficulty;mode;file_pattern;grading_instructions;problem_statement;example_solution;example_solution_explanation;example_solution_model;short_name;test_repository_url;package_name;programming_language;assessment_due_date;solution_participation_id;template_participation_id;assessment_type;presentation_score_enabled;team_assignment_config_id;exercise_group_id;bonus_points;included_in_overall_score;second_correction_enabled;allow_complaints_for_automatic_assessments;submission_policy_id;example_solution_publication_date;quiz_mode;allowed_per_tutor_batch_count;allow_manual_feedback_requests;start_date;build_plan_id;plagiarism_detection_config_id;feedback_suggestion_module
9000001;650b447e-a061-41f5-9008-33b53ae15ab1;2026-06-01T13:34:32.305;2026-06-06T13:34:32.305;9001;;T;;;;;;;10.0;;MEDIUM;INDIVIDUAL;;;Problem Statement;This is my example solution;;;t7e8;;;;2026-06-07T13:34:32.305;;;MANUAL;false;;;0.0;INCLUDED_COMPLETELY;false;false;;;SYNCHRONIZED;;false;;;;
9100001;Seed Pool Finished 1;2020-01-01T00:00:00.000;2020-02-01T00:00:00.000;9001;;T;;;;;;;10.0;;MEDIUM;INDIVIDUAL;;;Problem Statement;This is my example solution;;;spf1;;;;2020-03-01T00:00:00.000;;;MANUAL;false;;;0.0;INCLUDED_COMPLETELY;false;false;;;SYNCHRONIZED;;false;2020-01-01T00:00:00.000;;;
9100002;Seed Pool Finished 2;2020-01-01T00:00:00.000;2020-02-01T00:00:00.000;9001;;T;;;;;;;10.0;;MEDIUM;INDIVIDUAL;;;Problem Statement;This is my example solution;;;spf2;;;;2020-03-01T00:00:00.000;;;MANUAL;false;;;0.0;INCLUDED_COMPLETELY;false;false;;;SYNCHRONIZED;;false;2020-01-01T00:00:00.000;;;
9100003;Seed Pool Finished 3;2020-01-01T00:00:00.000;2020-02-01T00:00:00.000;9001;;T;;;;;;;10.0;;MEDIUM;INDIVIDUAL;;;Problem Statement;This is my example solution;;;spf3;;;;2020-03-01T00:00:00.000;;;MANUAL;false;;;0.0;INCLUDED_COMPLETELY;false;false;;;SYNCHRONIZED;;false;2020-01-01T00:00:00.000;;;
9100004;Seed Pool Finished 4;2020-01-01T00:00:00.000;2020-02-01T00:00:00.000;9001;;T;;;;;;;10.0;;MEDIUM;INDIVIDUAL;;;Problem Statement;This is my example solution;;;spf4;;;;2020-03-01T00:00:00.000;;;MANUAL;false;;;0.0;INCLUDED_COMPLETELY;false;false;;;SYNCHRONIZED;;false;2020-01-01T00:00:00.000;;;
9100005;Seed Pool Finished 5;2020-01-01T00:00:00.000;2020-02-01T00:00:00.000;9001;;T;;;;;;;10.0;;MEDIUM;INDIVIDUAL;;;Problem Statement;This is my example solution;;;spf5;;;;2020-03-01T00:00:00.000;;;MANUAL;false;;;0.0;INCLUDED_COMPLETELY;false;false;;;SYNCHRONIZED;;false;2020-01-01T00:00:00.000;;;
9100006;Seed Pool Finished 6;2020-01-01T00:00:00.000;2020-02-01T00:00:00.000;9001;;T;;;;;;;10.0;;MEDIUM;INDIVIDUAL;;;Problem Statement;This is my example solution;;;spf6;;;;2020-03-01T00:00:00.000;;;MANUAL;false;;;0.0;INCLUDED_COMPLETELY;false;false;;;SYNCHRONIZED;;false;2020-01-01T00:00:00.000;;;
9100007;Seed Pool Finished 7;2020-01-01T00:00:00.000;2020-02-01T00:00:00.000;9001;;T;;;;;;;10.0;;MEDIUM;INDIVIDUAL;;;Problem Statement;This is my example solution;;;spf7;;;;2020-03-01T00:00:00.000;;;MANUAL;false;;;0.0;INCLUDED_COMPLETELY;false;false;;;SYNCHRONIZED;;false;2020-01-01T00:00:00.000;;;
9100008;Seed Pool Finished 8;2020-01-01T00:00:00.000;2020-02-01T00:00:00.000;9001;;T;;;;;;;10.0;;MEDIUM;INDIVIDUAL;;;Problem Statement;This is my example solution;;;spf8;;;;2020-03-01T00:00:00.000;;;MANUAL;false;;;0.0;INCLUDED_COMPLETELY;false;false;;;SYNCHRONIZED;;false;2020-01-01T00:00:00.000;;;
9100009;Seed Pool Finished 9;2020-01-01T00:00:00.000;2020-02-01T00:00:00.000;9001;;T;;;;;;;10.0;;MEDIUM;INDIVIDUAL;;;Problem Statement;This is my example solution;;;spf9;;;;2020-03-01T00:00:00.000;;;MANUAL;false;;;0.0;INCLUDED_COMPLETELY;false;false;;;SYNCHRONIZED;;false;2020-01-01T00:00:00.000;;;
9100010;Seed Pool Finished 10;2020-01-01T00:00:00.000;2020-02-01T00:00:00.000;9001;;T;;;;;;;10.0;;MEDIUM;INDIVIDUAL;;;Problem Statement;This is my example solution;;;spf10;;;;2020-03-01T00:00:00.000;;;MANUAL;false;;;0.0;INCLUDED_COMPLETELY;false;false;;;SYNCHRONIZED;;false;2020-01-01T00:00:00.000;;;
9100011;Seed Pool Finished 11;2020-01-01T00:00:00.000;2020-02-01T00:00:00.000;9001;;T;;;;;;;10.0;;MEDIUM;INDIVIDUAL;;;Problem Statement;This is my example solution;;;spf11;;;;2020-03-01T00:00:00.000;;;MANUAL;false;;;0.0;INCLUDED_COMPLETELY;false;false;;;SYNCHRONIZED;;false;2020-01-01T00:00:00.000;;;
9100012;Seed Pool Finished 12;2020-01-01T00:00:00.000;2020-02-01T00:00:00.000;9001;;T;;;;;;;10.0;;MEDIUM;INDIVIDUAL;;;Problem Statement;This is my example solution;;;spf12;;;;2020-03-01T00:00:00.000;;;MANUAL;false;;;0.0;INCLUDED_COMPLETELY;false;false;;;SYNCHRONIZED;;false;2020-01-01T00:00:00.000;;;
9100013;Seed Pool Finished 13;2020-01-01T00:00:00.000;2020-02-01T00:00:00.000;9001;;T;;;;;;;10.0;;MEDIUM;INDIVIDUAL;;;Problem Statement;This is my example solution;;;spf13;;;;2020-03-01T00:00:00.000;;;MANUAL;false;;;0.0;INCLUDED_COMPLETELY;false;false;;;SYNCHRONIZED;;false;2020-01-01T00:00:00.000;;;
9100014;Seed Pool Finished 14;2020-01-01T00:00:00.000;2020-02-01T00:00:00.000;9001;;T;;;;;;;10.0;;MEDIUM;INDIVIDUAL;;;Problem Statement;This is my example solution;;;spf14;;;;2020-03-01T00:00:00.000;;;MANUAL;false;;;0.0;INCLUDED_COMPLETELY;false;false;;;SYNCHRONIZED;;false;2020-01-01T00:00:00.000;;;
9100015;Seed Pool Finished 15;2020-01-01T00:00:00.000;2020-02-01T00:00:00.000;9001;;T;;;;;;;10.0;;MEDIUM;INDIVIDUAL;;;Problem Statement;This is my example solution;;;spf15;;;;2020-03-01T00:00:00.000;;;MANUAL;false;;;0.0;INCLUDED_COMPLETELY;false;false;;;SYNCHRONIZED;;false;2020-01-01T00:00:00.000;;;
9100016;Seed Pool Finished 16;2020-01-01T00:00:00.000;2020-02-01T00:00:00.000;9001;;T;;;;;;;10.0;;MEDIUM;INDIVIDUAL;;;Problem Statement;This is my example solution;;;spf16;;;;2020-03-01T00:00:00.000;;;MANUAL;false;;;0.0;INCLUDED_COMPLETELY;false;false;;;SYNCHRONIZED;;false;2020-01-01T00:00:00.000;;;
9100017;Seed Pool Finished 17;2020-01-01T00:00:00.000;2020-02-01T00:00:00.000;9001;;T;;;;;;;10.0;;MEDIUM;INDIVIDUAL;;;Problem Statement;This is my example solution;;;spf17;;;;2020-03-01T00:00:00.000;;;MANUAL;false;;;0.0;INCLUDED_COMPLETELY;false;false;;;SYNCHRONIZED;;false;2020-01-01T00:00:00.000;;;
9100018;Seed Pool Finished 18;2020-01-01T00:00:00.000;2020-02-01T00:00:00.000;9001;;T;;;;;;;10.0;;MEDIUM;INDIVIDUAL;;;Problem Statement;This is my example solution;;;spf18;;;;2020-03-01T00:00:00.000;;;MANUAL;false;;;0.0;INCLUDED_COMPLETELY;false;false;;;SYNCHRONIZED;;false;2020-01-01T00:00:00.000;;;
9100019;Seed Pool Finished 19;2020-01-01T00:00:00.000;2020-02-01T00:00:00.000;9001;;T;;;;;;;10.0;;MEDIUM;INDIVIDUAL;;;Problem Statement;This is my example solution;;;spf19;;;;2020-03-01T00:00:00.000;;;MANUAL;false;;;0.0;INCLUDED_COMPLETELY;false;false;;;SYNCHRONIZED;;false;2020-01-01T00:00:00.000;;;
9100020;Seed Pool Finished 20;2020-01-01T00:00:00.000;2020-02-01T00:00:00.000;9001;;T;;;;;;;10.0;;MEDIUM;INDIVIDUAL;;;Problem Statement;This is my example solution;;;spf20;;;;2020-03-01T00:00:00.000;;;MANUAL;false;;;0.0;INCLUDED_COMPLETELY;false;false;;;SYNCHRONIZED;;false;2020-01-01T00:00:00.000;;;
9100021;Seed Pool Finished 21;2020-01-01T00:00:00.000;2020-02-01T00:00:00.000;9001;;T;;;;;;;10.0;;MEDIUM;INDIVIDUAL;;;Problem Statement;This is my example solution;;;spf21;;;;2020-03-01T00:00:00.000;;;MANUAL;false;;;0.0;INCLUDED_COMPLETELY;false;false;;;SYNCHRONIZED;;false;2020-01-01T00:00:00.000;;;
9100022;Seed Pool Finished 22;2020-01-01T00:00:00.000;2020-02-01T00:00:00.000;9001;;T;;;;;;;10.0;;MEDIUM;INDIVIDUAL;;;Problem Statement;This is my example solution;;;spf22;;;;2020-03-01T00:00:00.000;;;MANUAL;false;;;0.0;INCLUDED_COMPLETELY;false;false;;;SYNCHRONIZED;;false;2020-01-01T00:00:00.000;;;
9100023;Seed Pool Finished 23;2020-01-01T00:00:00.000;2020-02-01T00:00:00.000;9001;;T;;;;;;;10.0;;MEDIUM;INDIVIDUAL;;;Problem Statement;This is my example solution;;;spf23;;;;2020-03-01T00:00:00.000;;;MANUAL;false;;;0.0;INCLUDED_COMPLETELY;false;false;;;SYNCHRONIZED;;false;2020-01-01T00:00:00.000;;;
9100024;Seed Pool Finished 24;2020-01-01T00:00:00.000;2020-02-01T00:00:00.000;9001;;T;;;;;;;10.0;;MEDIUM;INDIVIDUAL;;;Problem Statement;This is my example solution;;;spf24;;;;2020-03-01T00:00:00.000;;;MANUAL;false;;;0.0;INCLUDED_COMPLETELY;false;false;;;SYNCHRONIZED;;false;2020-01-01T00:00:00.000;;;
9100025;Seed Pool Finished 25;2020-01-01T00:00:00.000;2020-02-01T00:00:00.000;9001;;T;;;;;;;10.0;;MEDIUM;INDIVIDUAL;;;Problem Statement;This is my example solution;;;spf25;;;;2020-03-01T00:00:00.000;;;MANUAL;false;;;0.0;INCLUDED_COMPLETELY;false;false;;;SYNCHRONIZED;;false;2020-01-01T00:00:00.000;;;
9100026;Seed Pool Finished 26;2020-01-01T00:00:00.000;2020-02-01T00:00:00.000;9001;;T;;;;;;;10.0;;MEDIUM;INDIVIDUAL;;;Problem Statement;This is my example solution;;;spf26;;;;2020-03-01T00:00:00.000;;;MANUAL;false;;;0.0;INCLUDED_COMPLETELY;false;false;;;SYNCHRONIZED;;false;2020-01-01T00:00:00.000;;;
9100027;Seed Pool Finished 27;2020-01-01T00:00:00.000;2020-02-01T00:00:00.000;9001;;T;;;;;;;10.0;;MEDIUM;INDIVIDUAL;;;Problem Statement;This is my example solution;;;spf27;;;;2020-03-01T00:00:00.000;;;MANUAL;false;;;0.0;INCLUDED_COMPLETELY;false;false;;;SYNCHRONIZED;;false;2020-01-01T00:00:00.000;;;
9100028;Seed Pool Finished 28;2020-01-01T00:00:00.000;2020-02-01T00:00:00.000;9001;;T;;;;;;;10.0;;MEDIUM;INDIVIDUAL;;;Problem Statement;This is my example solution;;;spf28;;;;2020-03-01T00:00:00.000;;;MANUAL;false;;;0.0;INCLUDED_COMPLETELY;false;false;;;SYNCHRONIZED;;false;2020-01-01T00:00:00.000;;;
9100029;Seed Pool Finished 29;2020-01-01T00:00:00.000;2020-02-01T00:00:00.000;9001;;T;;;;;;;10.0;;MEDIUM;INDIVIDUAL;;;Problem Statement;This is my example solution;;;spf29;;;;2020-03-01T00:00:00.000;;;MANUAL;false;;;0.0;INCLUDED_COMPLETELY;false;false;;;SYNCHRONIZED;;false;2020-01-01T00:00:00.000;;;
9100030;Seed Pool Finished 30;2020-01-01T00:00:00.000;2020-02-01T00:00:00.000;9001;;T;;;;;;;10.0;;MEDIUM;INDIVIDUAL;;;Problem Statement;This is my example solution;;;spf30;;;;2020-03-01T00:00:00.000;;;MANUAL;false;;;0.0;INCLUDED_COMPLETELY;false;false;;;SYNCHRONIZED;;false;2020-01-01T00:00:00.000;;;
9100031;Seed Pool Finished 31;2020-01-01T00:00:00.000;2020-02-01T00:00:00.000;9001;;T;;;;;;;10.0;;MEDIUM;INDIVIDUAL;;;Problem Statement;This is my example solution;;;spf31;;;;2020-03-01T00:00:00.000;;;MANUAL;false;;;0.0;INCLUDED_COMPLETELY;false;false;;;SYNCHRONIZED;;false;2020-01-01T00:00:00.000;;;
9100032;Seed Pool Finished 32;2020-01-01T00:00:00.000;2020-02-01T00:00:00.000;9001;;T;;;;;;;10.0;;MEDIUM;INDIVIDUAL;;;Problem Statement;This is my example solution;;;spf32;;;;2020-03-01T00:00:00.000;;;MANUAL;false;;;0.0;INCLUDED_COMPLETELY;false;false;;;SYNCHRONIZED;;false;2020-01-01T00:00:00.000;;;
9100033;Seed Pool Finished 33;2020-01-01T00:00:00.000;2020-02-01T00:00:00.000;9001;;T;;;;;;;10.0;;MEDIUM;INDIVIDUAL;;;Problem Statement;This is my example solution;;;spf33;;;;2020-03-01T00:00:00.000;;;MANUAL;false;;;0.0;INCLUDED_COMPLETELY;false;false;;;SYNCHRONIZED;;false;2020-01-01T00:00:00.000;;;
9100034;Seed Pool Finished 34;2020-01-01T00:00:00.000;2020-02-01T00:00:00.000;9001;;T;;;;;;;10.0;;MEDIUM;INDIVIDUAL;;;Problem Statement;This is my example solution;;;spf34;;;;2020-03-01T00:00:00.000;;;MANUAL;false;;;0.0;INCLUDED_COMPLETELY;false;false;;;SYNCHRONIZED;;false;2020-01-01T00:00:00.000;;;
9100035;Seed Pool Finished 35;2020-01-01T00:00:00.000;2020-02-01T00:00:00.000;9001;;T;;;;;;;10.0;;MEDIUM;INDIVIDUAL;;;Problem Statement;This is my example solution;;;spf35;;;;2020-03-01T00:00:00.000;;;MANUAL;false;;;0.0;INCLUDED_COMPLETELY;false;false;;;SYNCHRONIZED;;false;2020-01-01T00:00:00.000;;;
9100036;Seed Pool Finished 36;2020-01-01T00:00:00.000;2020-02-01T00:00:00.000;9001;;T;;;;;;;10.0;;MEDIUM;INDIVIDUAL;;;Problem Statement;This is my example solution;;;spf36;;;;2020-03-01T00:00:00.000;;;MANUAL;false;;;0.0;INCLUDED_COMPLETELY;false;false;;;SYNCHRONIZED;;false;2020-01-01T00:00:00.000;;;
9100037;Seed Pool Finished 37;2020-01-01T00:00:00.000;2020-02-01T00:00:00.000;9001;;T;;;;;;;10.0;;MEDIUM;INDIVIDUAL;;;Problem Statement;This is my example solution;;;spf37;;;;2020-03-01T00:00:00.000;;;MANUAL;false;;;0.0;INCLUDED_COMPLETELY;false;false;;;SYNCHRONIZED;;false;2020-01-01T00:00:00.000;;;
9100038;Seed Pool Finished 38;2020-01-01T00:00:00.000;2020-02-01T00:00:00.000;9001;;T;;;;;;;10.0;;MEDIUM;INDIVIDUAL;;;Problem Statement;This is my example solution;;;spf38;;;;2020-03-01T00:00:00.000;;;MANUAL;false;;;0.0;INCLUDED_COMPLETELY;false;false;;;SYNCHRONIZED;;false;2020-01-01T00:00:00.000;;;
9100039;Seed Pool Finished 39;2020-01-01T00:00:00.000;2020-02-01T00:00:00.000;9001;;T;;;;;;;10.0;;MEDIUM;INDIVIDUAL;;;Problem Statement;This is my example solution;;;spf39;;;;2020-03-01T00:00:00.000;;;MANUAL;false;;;0.0;INCLUDED_COMPLETELY;false;false;;;SYNCHRONIZED;;false;2020-01-01T00:00:00.000;;;
9100040;Seed Pool Finished 40;2020-01-01T00:00:00.000;2020-02-01T00:00:00.000;9001;;T;;;;;;;10.0;;MEDIUM;INDIVIDUAL;;;Problem Statement;This is my example solution;;;spf40;;;;2020-03-01T00:00:00.000;;;MANUAL;false;;;0.0;INCLUDED_COMPLETELY;false;false;;;SYNCHRONIZED;;false;2020-01-01T00:00:00.000;;;
9200001;Seed Pool Released 1;2020-01-01T00:00:00.000;2099-01-01T00:00:00.000;9001;;T;;;;;;;10.0;;MEDIUM;INDIVIDUAL;;;Problem Statement;This is my example solution;;;spr1;;;;2099-02-01T00:00:00.000;;;MANUAL;false;;;0.0;INCLUDED_COMPLETELY;false;false;;;SYNCHRONIZED;;false;2020-01-01T00:00:00.000;;;
9200002;Seed Pool Released 2;2020-01-01T00:00:00.000;2099-01-01T00:00:00.000;9001;;T;;;;;;;10.0;;MEDIUM;INDIVIDUAL;;;Problem Statement;This is my example solution;;;spr2;;;;2099-02-01T00:00:00.000;;;MANUAL;false;;;0.0;INCLUDED_COMPLETELY;false;false;;;SYNCHRONIZED;;false;2020-01-01T00:00:00.000;;;
9200003;Seed Pool Released 3;2020-01-01T00:00:00.000;2099-01-01T00:00:00.000;9001;;T;;;;;;;10.0;;MEDIUM;INDIVIDUAL;;;Problem Statement;This is my example solution;;;spr3;;;;2099-02-01T00:00:00.000;;;MANUAL;false;;;0.0;INCLUDED_COMPLETELY;false;false;;;SYNCHRONIZED;;false;2020-01-01T00:00:00.000;;;
9200004;Seed Pool Released 4;2020-01-01T00:00:00.000;2099-01-01T00:00:00.000;9001;;T;;;;;;;10.0;;MEDIUM;INDIVIDUAL;;;Problem Statement;This is my example solution;;;spr4;;;;2099-02-01T00:00:00.000;;;MANUAL;false;;;0.0;INCLUDED_COMPLETELY;false;false;;;SYNCHRONIZED;;false;2020-01-01T00:00:00.000;;;
9200005;Seed Pool Released 5;2020-01-01T00:00:00.000;2099-01-01T00:00:00.000;9001;;T;;;;;;;10.0;;MEDIUM;INDIVIDUAL;;;Problem Statement;This is my example solution;;;spr5;;;;2099-02-01T00:00:00.000;;;MANUAL;false;;;0.0;INCLUDED_COMPLETELY;false;false;;;SYNCHRONIZED;;false;2020-01-01T00:00:00.000;;;
9200006;Seed Pool Released 6;2020-01-01T00:00:00.000;2099-01-01T00:00:00.000;9001;;T;;;;;;;10.0;;MEDIUM;INDIVIDUAL;;;Problem Statement;This is my example solution;;;spr6;;;;2099-02-01T00:00:00.000;;;MANUAL;false;;;0.0;INCLUDED_COMPLETELY;false;false;;;SYNCHRONIZED;;false;2020-01-01T00:00:00.000;;;
9200007;Seed Pool Released 7;2020-01-01T00:00:00.000;2099-01-01T00:00:00.000;9001;;T;;;;;;;10.0;;MEDIUM;INDIVIDUAL;;;Problem Statement;This is my example solution;;;spr7;;;;2099-02-01T00:00:00.000;;;MANUAL;false;;;0.0;INCLUDED_COMPLETELY;false;false;;;SYNCHRONIZED;;false;2020-01-01T00:00:00.000;;;
9200008;Seed Pool Released 8;2020-01-01T00:00:00.000;2099-01-01T00:00:00.000;9001;;T;;;;;;;10.0;;MEDIUM;INDIVIDUAL;;;Problem Statement;This is my example solution;;;spr8;;;;2099-02-01T00:00:00.000;;;MANUAL;false;;;0.0;INCLUDED_COMPLETELY;false;false;;;SYNCHRONIZED;;false;2020-01-01T00:00:00.000;;;
9200009;Seed Pool Released 9;2020-01-01T00:00:00.000;2099-01-01T00:00:00.000;9001;;T;;;;;;;10.0;;MEDIUM;INDIVIDUAL;;;Problem Statement;This is my example solution;;;spr9;;;;2099-02-01T00:00:00.000;;;MANUAL;false;;;0.0;INCLUDED_COMPLETELY;false;false;;;SYNCHRONIZED;;false;2020-01-01T00:00:00.000;;;
9200010;Seed Pool Released 10;2020-01-01T00:00:00.000;2099-01-01T00:00:00.000;9001;;T;;;;;;;10.0;;MEDIUM;INDIVIDUAL;;;Problem Statement;This is my example solution;;;spr10;;;;2099-02-01T00:00:00.000;;;MANUAL;false;;;0.0;INCLUDED_COMPLETELY;false;false;;;SYNCHRONIZED;;false;2020-01-01T00:00:00.000;;;
9200011;Seed Pool Released 11;2020-01-01T00:00:00.000;2099-01-01T00:00:00.000;9001;;T;;;;;;;10.0;;MEDIUM;INDIVIDUAL;;;Problem Statement;This is my example solution;;;spr11;;;;2099-02-01T00:00:00.000;;;MANUAL;false;;;0.0;INCLUDED_COMPLETELY;false;false;;;SYNCHRONIZED;;false;2020-01-01T00:00:00.000;;;
9200012;Seed Pool Released 12;2020-01-01T00:00:00.000;2099-01-01T00:00:00.000;9001;;T;;;;;;;10.0;;MEDIUM;INDIVIDUAL;;;Problem Statement;This is my example solution;;;spr12;;;;2099-02-01T00:00:00.000;;;MANUAL;false;;;0.0;INCLUDED_COMPLETELY;false;false;;;SYNCHRONIZED;;false;2020-01-01T00:00:00.000;;;
9200013;Seed Pool Released 13;2020-01-01T00:00:00.000;2099-01-01T00:00:00.000;9001;;T;;;;;;;10.0;;MEDIUM;INDIVIDUAL;;;Problem Statement;This is my example solution;;;spr13;;;;2099-02-01T00:00:00.000;;;MANUAL;false;;;0.0;INCLUDED_COMPLETELY;false;false;;;SYNCHRONIZED;;false;2020-01-01T00:00:00.000;;;
9200014;Seed Pool Released 14;2020-01-01T00:00:00.000;2099-01-01T00:00:00.000;9001;;T;;;;;;;10.0;;MEDIUM;INDIVIDUAL;;;Problem Statement;This is my example solution;;;spr14;;;;2099-02-01T00:00:00.000;;;MANUAL;false;;;0.0;INCLUDED_COMPLETELY;false;false;;;SYNCHRONIZED;;false;2020-01-01T00:00:00.000;;;
9200015;Seed Pool Released 15;2020-01-01T00:00:00.000;2099-01-01T00:00:00.000;9001;;T;;;;;;;10.0;;MEDIUM;INDIVIDUAL;;;Problem Statement;This is my example solution;;;spr15;;;;2099-02-01T00:00:00.000;;;MANUAL;false;;;0.0;INCLUDED_COMPLETELY;false;false;;;SYNCHRONIZED;;false;2020-01-01T00:00:00.000;;;
9200016;Seed Pool Released 16;2020-01-01T00:00:00.000;2099-01-01T00:00:00.000;9001;;T;;;;;;;10.0;;MEDIUM;INDIVIDUAL;;;Problem Statement;This is my example solution;;;spr16;;;;2099-02-01T00:00:00.000;;;MANUAL;false;;;0.0;INCLUDED_COMPLETELY;false;false;;;SYNCHRONIZED;;false;2020-01-01T00:00:00.000;;;
9200017;Seed Pool Released 17;2020-01-01T00:00:00.000;2099-01-01T00:00:00.000;9001;;T;;;;;;;10.0;;MEDIUM;INDIVIDUAL;;;Problem Statement;This is my example solution;;;spr17;;;;2099-02-01T00:00:00.000;;;MANUAL;false;;;0.0;INCLUDED_COMPLETELY;false;false;;;SYNCHRONIZED;;false;2020-01-01T00:00:00.000;;;
9200018;Seed Pool Released 18;2020-01-01T00:00:00.000;2099-01-01T00:00:00.000;9001;;T;;;;;;;10.0;;MEDIUM;INDIVIDUAL;;;Problem Statement;This is my example solution;;;spr18;;;;2099-02-01T00:00:00.000;;;MANUAL;false;;;0.0;INCLUDED_COMPLETELY;false;false;;;SYNCHRONIZED;;false;2020-01-01T00:00:00.000;;;
9200019;Seed Pool Released 19;2020-01-01T00:00:00.000;2099-01-01T00:00:00.000;9001;;T;;;;;;;10.0;;MEDIUM;INDIVIDUAL;;;Problem Statement;This is my example solution;;;spr19;;;;2099-02-01T00:00:00.000;;;MANUAL;false;;;0.0;INCLUDED_COMPLETELY;false;false;;;SYNCHRONIZED;;false;2020-01-01T00:00:00.000;;;
9200020;Seed Pool Released 20;2020-01-01T00:00:00.000;2099-01-01T00:00:00.000;9001;;T;;;;;;;10.0;;MEDIUM;INDIVIDUAL;;;Problem Statement;This is my example solution;;;spr20;;;;2099-02-01T00:00:00.000;;;MANUAL;false;;;0.0;INCLUDED_COMPLETELY;false;false;;;SYNCHRONIZED;;false;2020-01-01T00:00:00.000;;;
9200021;Seed Pool Released 21;2020-01-01T00:00:00.000;2099-01-01T00:00:00.000;9001;;T;;;;;;;10.0;;MEDIUM;INDIVIDUAL;;;Problem Statement;This is my example solution;;;spr21;;;;2099-02-01T00:00:00.000;;;MANUAL;false;;;0.0;INCLUDED_COMPLETELY;false;false;;;SYNCHRONIZED;;false;2020-01-01T00:00:00.000;;;
9200022;Seed Pool Released 22;2020-01-01T00:00:00.000;2099-01-01T00:00:00.000;9001;;T;;;;;;;10.0;;MEDIUM;INDIVIDUAL;;;Problem Statement;This is my example solution;;;spr22;;;;2099-02-01T00:00:00.000;;;MANUAL;false;;;0.0;INCLUDED_COMPLETELY;false;false;;;SYNCHRONIZED;;false;2020-01-01T00:00:00.000;;;
9200023;Seed Pool Released 23;2020-01-01T00:00:00.000;2099-01-01T00:00:00.000;9001;;T;;;;;;;10.0;;MEDIUM;INDIVIDUAL;;;Problem Statement;This is my example solution;;;spr23;;;;2099-02-01T00:00:00.000;;;MANUAL;false;;;0.0;INCLUDED_COMPLETELY;false;false;;;SYNCHRONIZED;;false;2020-01-01T00:00:00.000;;;
9200024;Seed Pool Released 24;2020-01-01T00:00:00.000;2099-01-01T00:00:00.000;9001;;T;;;;;;;10.0;;MEDIUM;INDIVIDUAL;;;Problem Statement;This is my example solution;;;spr24;;;;2099-02-01T00:00:00.000;;;MANUAL;false;;;0.0;INCLUDED_COMPLETELY;false;false;;;SYNCHRONIZED;;false;2020-01-01T00:00:00.000;;;
9200025;Seed Pool Released 25;2020-01-01T00:00:00.000;2099-01-01T00:00:00.000;9001;;T;;;;;;;10.0;;MEDIUM;INDIVIDUAL;;;Problem Statement;This is my example solution;;;spr25;;;;2099-02-01T00:00:00.000;;;MANUAL;false;;;0.0;INCLUDED_COMPLETELY;false;false;;;SYNCHRONIZED;;false;2020-01-01T00:00:00.000;;;
9200026;Seed Pool Released 26;2020-01-01T00:00:00.000;2099-01-01T00:00:00.000;9001;;T;;;;;;;10.0;;MEDIUM;INDIVIDUAL;;;Problem Statement;This is my example solution;;;spr26;;;;2099-02-01T00:00:00.000;;;MANUAL;false;;;0.0;INCLUDED_COMPLETELY;false;false;;;SYNCHRONIZED;;false;2020-01-01T00:00:00.000;;;
9200027;Seed Pool Released 27;2020-01-01T00:00:00.000;2099-01-01T00:00:00.000;9001;;T;;;;;;;10.0;;MEDIUM;INDIVIDUAL;;;Problem Statement;This is my example solution;;;spr27;;;;2099-02-01T00:00:00.000;;;MANUAL;false;;;0.0;INCLUDED_COMPLETELY;false;false;;;SYNCHRONIZED;;false;2020-01-01T00:00:00.000;;;
9200028;Seed Pool Released 28;2020-01-01T00:00:00.000;2099-01-01T00:00:00.000;9001;;T;;;;;;;10.0;;MEDIUM;INDIVIDUAL;;;Problem Statement;This is my example solution;;;spr28;;;;2099-02-01T00:00:00.000;;;MANUAL;false;;;0.0;INCLUDED_COMPLETELY;false;false;;;SYNCHRONIZED;;false;2020-01-01T00:00:00.000;;;
9200029;Seed Pool Released 29;2020-01-01T00:00:00.000;2099-01-01T00:00:00.000;9001;;T;;;;;;;10.0;;MEDIUM;INDIVIDUAL;;;Problem Statement;This is my example solution;;;spr29;;;;2099-02-01T00:00:00.000;;;MANUAL;false;;;0.0;INCLUDED_COMPLETELY;false;false;;;SYNCHRONIZED;;false;2020-01-01T00:00:00.000;;;
9200030;Seed Pool Released 30;2020-01-01T00:00:00.000;2099-01-01T00:00:00.000;9001;;T;;;;;;;10.0;;MEDIUM;INDIVIDUAL;;;Problem Statement;This is my example solution;;;spr30;;;;2099-02-01T00:00:00.000;;;MANUAL;false;;;0.0;INCLUDED_COMPLETELY;false;false;;;SYNCHRONIZED;;false;2020-01-01T00:00:00.000;;;
9200031;Seed Pool Released 31;2020-01-01T00:00:00.000;2099-01-01T00:00:00.000;9001;;T;;;;;;;10.0;;MEDIUM;INDIVIDUAL;;;Problem Statement;This is my example solution;;;spr31;;;;2099-02-01T00:00:00.000;;;MANUAL;false;;;0.0;INCLUDED_COMPLETELY;false;false;;;SYNCHRONIZED;;false;2020-01-01T00:00:00.000;;;
9200032;Seed Pool Released 32;2020-01-01T00:00:00.000;2099-01-01T00:00:00.000;9001;;T;;;;;;;10.0;;MEDIUM;INDIVIDUAL;;;Problem Statement;This is my example solution;;;spr32;;;;2099-02-01T00:00:00.000;;;MANUAL;false;;;0.0;INCLUDED_COMPLETELY;false;false;;;SYNCHRONIZED;;false;2020-01-01T00:00:00.000;;;
9200033;Seed Pool Released 33;2020-01-01T00:00:00.000;2099-01-01T00:00:00.000;9001;;T;;;;;;;10.0;;MEDIUM;INDIVIDUAL;;;Problem Statement;This is my example solution;;;spr33;;;;2099-02-01T00:00:00.000;;;MANUAL;false;;;0.0;INCLUDED_COMPLETELY;false;false;;;SYNCHRONIZED;;false;2020-01-01T00:00:00.000;;;
9200034;Seed Pool Released 34;2020-01-01T00:00:00.000;2099-01-01T00:00:00.000;9001;;T;;;;;;;10.0;;MEDIUM;INDIVIDUAL;;;Problem Statement;This is my example solution;;;spr34;;;;2099-02-01T00:00:00.000;;;MANUAL;false;;;0.0;INCLUDED_COMPLETELY;false;false;;;SYNCHRONIZED;;false;2020-01-01T00:00:00.000;;;
9200035;Seed Pool Released 35;2020-01-01T00:00:00.000;2099-01-01T00:00:00.000;9001;;T;;;;;;;10.0;;MEDIUM;INDIVIDUAL;;;Problem Statement;This is my example solution;;;spr35;;;;2099-02-01T00:00:00.000;;;MANUAL;false;;;0.0;INCLUDED_COMPLETELY;false;false;;;SYNCHRONIZED;;false;2020-01-01T00:00:00.000;;;
9200036;Seed Pool Released 36;2020-01-01T00:00:00.000;2099-01-01T00:00:00.000;9001;;T;;;;;;;10.0;;MEDIUM;INDIVIDUAL;;;Problem Statement;This is my example solution;;;spr36;;;;2099-02-01T00:00:00.000;;;MANUAL;false;;;0.0;INCLUDED_COMPLETELY;false;false;;;SYNCHRONIZED;;false;2020-01-01T00:00:00.000;;;
9200037;Seed Pool Released 37;2020-01-01T00:00:00.000;2099-01-01T00:00:00.000;9001;;T;;;;;;;10.0;;MEDIUM;INDIVIDUAL;;;Problem Statement;This is my example solution;;;spr37;;;;2099-02-01T00:00:00.000;;;MANUAL;false;;;0.0;INCLUDED_COMPLETELY;false;false;;;SYNCHRONIZED;;false;2020-01-01T00:00:00.000;;;
9200038;Seed Pool Released 38;2020-01-01T00:00:00.000;2099-01-01T00:00:00.000;9001;;T;;;;;;;10.0;;MEDIUM;INDIVIDUAL;;;Problem Statement;This is my example solution;;;spr38;;;;2099-02-01T00:00:00.000;;;MANUAL;false;;;0.0;INCLUDED_COMPLETELY;false;false;;;SYNCHRONIZED;;false;2020-01-01T00:00:00.000;;;
9200039;Seed Pool Released 39;2020-01-01T00:00:00.000;2099-01-01T00:00:00.000;9001;;T;;;;;;;10.0;;MEDIUM;INDIVIDUAL;;;Problem Statement;This is my example solution;;;spr39;;;;2099-02-01T00:00:00.000;;;MANUAL;false;;;0.0;INCLUDED_COMPLETELY;false;false;;;SYNCHRONIZED;;false;2020-01-01T00:00:00.000;;;
9200040;Seed Pool Released 40;2020-01-01T00:00:00.000;2099-01-01T00:00:00.000;9001;;T;;;;;;;10.0;;MEDIUM;INDIVIDUAL;;;Problem Statement;This is my example solution;;;spr40;;;;2099-02-01T00:00:00.000;;;MANUAL;false;;;0.0;INCLUDED_COMPLETELY;false;false;;;SYNCHRONIZED;;false;2020-01-01T00:00:00.000;;;
